PER-1,10000,PER
PER-2,10001,PER
PER-3,10002,PER
PER-4,10003,PER
PER-5,10004,PER
PER-6,10005,PER
PER-7,10006,PER
PER-8,10007,PER
PER-9,10008,PER
PER-10,10009,PER
PER-11,10010,PER
PER-12,10011,PER
PER-13,10012,PER
PER-14,10013,PER
PER-15,10014,PER
PER-16,10015,PER
PER-17,10016,PER
PER-18,10017,PER
PER-19,10018,PER
PER-20,10019,PER
PER-21,10020,PER
PER-22,10021,PER
PER-23,10022,PER
PERK-1,10023,PERK
PERK-2,10024,PERK
PERK-3,10025,PERK
PERK-4,10026,PERK
PERK-5,10027,PERK
PERK-6,10028,PERK
PERK-7,10029,PERK
PERK-8,10030,PERK
PERK-9,10031,PERK
PERK-10,10032,PERK
PERK-11,10033,PERK
PERK-12,10034,PERK
PERK-13,10035,PERK
PERK-14,10036,PERK
PERK-15,10037,PERK
PERK-16,10038,PERK
